MESSAGE_CREATE,GUILD_MEMBER_UPDATE,TYPING_START
0,0,0
21,5,12
47,14,25
72,31,40
96,41,49
120,51,60
138,54,68
153,61,78
161,74,82
174,92,95
202,105,116
217,116,129
225,127,142
246,140,158
274,148,179
294,159,186
307,172,195
320,182,204
341,198,215
360,208,224
382,222,238
405,234,251
425,242,264
445,260,276
0,0,0
17,12,12
31,21,30
42,28,38
51,40,47
67,50,55
80,62,64
92,75,79
0,0,0
22,13,14
47,29,38
74,37,70
94,51,85
110,63,105
123,75,121
144,87,146
159,93,152
165,107,159
170,117,160
182,129,171
186,139,177
195,155,193
204,163,199
216,182,208
226,192,214
230,200,218
233,209,222
238,223,229
243,228,235
258,240,240
273,250,248
296,262,260
313,272,270
321,283,277
331,301,282
341,315,286
345,323,293
353,335,296
367,341,301
382,354,307
389,373,310
397,383,314
400,394,320
421,409,333
426,422,342
435,435,346
446,447,352
460,462,360
481,474,373
488,482,378
502,492,389
524,508,410
544,518,427
559,535,435
584,544,443
603,550,457
621,562,476
648,573,503
668,585,519
679,598,530
693,611,537
703,625,543
711,638,548
722,654,554
735,662,555
743,681,561
748,687,568
761,703,576
772,723,580
777,735,585
783,744,592
793,754,597
797,768,607
812,780,618
814,791,618
818,803,625
838,817,640
878,833,668
901,854,684
911,868,697
932,893,713
947,918,726
963,929,733
979,948,740
989,968,749
1002,979,760
1040,996,773
1053,1007,785
1069,1017,796
1089,1034,808
1099,1046,818
1114,1063,830
1131,1074,846
1144,1084,857
1161,1095,866
1184,1108,882
1203,1117,897
1220,1135,914
1240,1151,930
1256,1162,946
1275,1183,957
1287,1195,969
1299,1207,979
1306,1220,991
1312,1233,998
1318,1243,1003
1323,1258,1009
1330,1270,1013
1340,1282,1017
1354,1301,1025
1359,1318,1028
1364,1331,1032
1371,1351,1041
1377,1358,1047
1384,1368,1050
1387,1374,1054
1401,1381,1061
1402,1393,1061
1402,1407,1061
1406,1423,1064
1407,1432,1066
1411,1445,1067
1414,1458,1069
1414,1476,1073
1417,1490,1082
1433,1502,1085
1440,1515,1090
1455,1525,1092
1460,1537,1093
1463,1552,1097
1477,1571,1104
1482,1592,1106
1487,1607,1109
1488,1624,1110
1490,1642,1112
1490,1653,1112
1490,1667,1112
1504,1673,1114
1508,1679,1120
1515,1693,1125
1529,1707,1130
1530,1714,1131
1535,1731,1132
1537,1743,1134
1543,1755,1137
1550,1769,1140
1553,1778,1147
1559,1789,1148
1563,1797,1150
1566,1808,1151
1570,1820,1151
1572,1833,1153
1577,1844,1154
1581,1857,1156
1582,1863,1158
1593,1876,1165
1596,1888,1169
1603,1896,1173
1609,1909,1175
1622,1920,1180
1634,1929,1185
1652,1946,1199
1658,1950,1205
1661,1964,1206
1666,1976,1210
1670,1989,1214
1679,1999,1218
1685,2010,1224
1692,2018,1230
1701,2028,1238
1711,2042,1246
1715,2061,1248
1716,2079,1248
1723,2093,1254
1728,2106,1258
1733,2113,1262
1737,2126,1267
1739,2142,1272
1741,2147,1275
1746,2164,1278
1747,2188,1279
1751,2194,1282
1755,2206,1288
1758,2219,1290
1759,2231,1291
1765,2245,1294
1773,2253,1297
1780,2267,1299
1787,2285,1299
1788,2300,1300
1790,2310,1302
1793,2321,1305
1797,2334,1307
1799,2353,1308
1806,2362,1313
1812,2374,1320
1816,2384,1324
1820,2395,1330
1824,2403,1340
1832,2414,1350
1842,2419,1359
1865,2432,1368
1881,2441,1373
1893,2454,1384
1906,2467,1398
1916,2474,1410
1923,2488,1418
1928,2503,1426
1937,2512,1432
1946,2522,1435
1952,2534,1443
1963,2544,1449
1974,2558,1453
1988,2565,1455
1996,2576,1459
2003,2595,1462
2010,2601,1470
2037,2616,1477
2058,2626,1480
2076,2640,1487
2091,2655,1493
2098,2671,1500
2123,2681,1508
2136,2695,1519
2143,2705,1527
2149,2717,1534
2154,2724,1540
2164,2739,1547
2180,2752,1552
2187,2760,1559
2195,2774,1562
2212,2784,1575
2218,2803,1579
2227,2816,1585
2254,2823,1593
2268,2830,1597
2282,2843,1607
2290,2850,1616
2299,2863,1624
2309,2876,1634
2335,2881,1642
2354,2892,1657
2362,2903,1665
2369,2913,1676
2377,2921,1681
2395,2933,1694
2400,2945,1696
2409,2957,1699
2425,2966,1710
2471,2979,1731
2581,2994,1738
2594,3007,1745
2601,3011,1749
2615,3019,1750
2622,3038,1754
2634,3051,1764
2644,3066,1772
2647,3082,1778
2661,3093,1782
2674,3107,1792
2685,3114,1801
2701,3124,1809
2706,3139,1816
2721,3153,1829
2737,3169,1842
2743,3177,1849
2779,3193,1854
2785,3204,1859
2791,3221,1869
2799,3227,1873
2803,3238,1877
2806,3251,1879
2813,3266,1881
2827,3283,1888
2835,3298,1893
2837,3305,1894
2838,3319,1895
2845,3331,1898
2848,3340,1899
2856,3347,1903
2857,3354,1905
2867,3372,1909
2885,3386,1911
2902,3396,1911
2904,3405,1911
2914,3422,1915
2920,3437,1920
2923,3449,1923
2925,3460,1923
2931,3470,1923
2944,3479,1927
2951,3490,1928
2963,3499,1933
2973,3511,1938
2986,3515,1945
3004,3521,1954
3014,3533,1963
3029,3546,1973
3045,3556,1977
3058,3578,1980
3075,3593,1989
3089,3605,1997
3099,3611,2004
3106,3625,2006
3128,3633,2010
3151,3650,2017
3159,3669,2021
3194,3684,2028
3235,3696,2034
3264,3710,2046
3271,3717,2047
3287,3728,2052
3290,3740,2055
3317,3754,2056
3328,3765,2059
3339,3774,2061
3346,3790,2066
3377,3803,2069
3388,3810,2073
3398,3817,2080
3419,3831,2090
3441,3843,2095
3448,3856,2104
3456,3862,2114
3478,3878,2118
3482,3885,2120
3496,3901,2127
3505,3912,2130
3509,3922,2134
3516,3929,2138
3527,3944,2141
3532,3955,2144
3539,3973,2146
3543,3983,2147
3558,3995,2155
3578,4009,2156
3583,4016,2159
3587,4032,2162
3593,4040,2164
3608,4049,2172
3640,4062,2182
3652,4078,2193
3663,4087,2202
3680,4095,2210
3725,4104,2214
3759,4116,2225
3763,4120,2229
3821,4127,2234
3824,4137,2238
3825,4141,2240
3829,4151,2248
3832,4167,2248
3833,4177,2254
3836,4193,2258
3837,4205,2260
3845,4219,2268
3851,4229,2271
3864,4245,2273
3876,4263,2280
3885,4283,2283
3887,4295,2287
3890,4308,2288
3893,4314,2290
3904,4323,2298
3918,4330,2304
3926,4339,2304
3934,4352,2307
3948,4365,2311
3953,4375,2311
3956,4389,2311
3968,4400,2312
3968,4419,2312
3968,4426,2312
3971,4438,2314
3982,4453,2318
3990,4465,2323
3998,4481,2328
4006,4496,2328
4008,4506,2329
4009,4512,2331
4017,4523,2336
4026,4536,2341
4032,4541,2344
4039,4552,2350
4046,4556,2355
4053,4564,2362
4058,4569,2369
4070,4579,2377
4079,4588,2385
4084,4598,2391
4092,4606,2400
4095,4614,2406
4103,4632,2410
4114,4644,2415
4124,4656,2420
4124,4668,2420
4126,4683,2420
4126,4697,2420
4134,4707,2421
4137,4718,2424
4138,4730,2424
4150,4740,2429
4156,4753,2432
4162,4763,2432
4163,4772,2434
4166,4783,2437
4170,4790,2441
4184,4796,2448
4208,4808,2454
4225,4815,2460
4234,4822,2468
4246,4837,2479
4251,4844,2483
4252,4857,2484
4255,4865,2486
4259,4881,2488
4260,4888,2488
4265,4892,2490
4268,4909,2490
4281,4922,2495
4283,4933,2497
4283,4944,2503
4289,4950,2505
4290,4968,2507
4297,4986,2514
4302,4991,2515
4303,4998,2516
4310,5010,2522
4319,5022,2527
4322,5032,2531
4330,5040,2535
4348,5052,2539
4364,5057,2546
4378,5064,2553
4398,5086,2562
4415,5093,2567
4428,5103,2572
4433,5109,2574
4441,5126,2579
4449,5133,2579
4456,5141,2582
4466,5156,2587
4474,5175,2591
4478,5181,2596
4483,5189,2601
4490,5196,2607
4515,5208,2614
4530,5214,2614
4535,5221,2614
4537,5234,2615
4551,5243,2619
4558,5250,2622
4566,5261,2624
4584,5277,2629
4605,5288,2638
4608,5302,2639
4617,5316,2648
4632,5322,2654
4640,5327,2660
4654,5332,2667
4700,5342,2674
4737,5350,2677
4759,5356,2685
4830,5363,2689
4850,5374,2695
4860,5381,2701
4870,5391,2707
4924,5400,2709
4928,5411,2712
4930,5424,2716
4931,5438,2719
4935,5447,2722
4943,5458,2729
4951,5470,2733
4969,5484,2749
4982,5496,2760
4997,5504,2771
5002,5510,2771
5014,5523,2776
5017,5553,2781
5020,5563,2784
5026,5570,2787
5039,5576,2792
5041,5582,2795
5047,5595,2799
5052,5605,2805
5055,5610,2807
5057,5619,2816
5069,5630,2824
5073,5637,2831
5082,5642,2838
5088,5653,2849
5101,5666,2860
5125,5674,2875
5138,5677,2883
5158,5692,2893
5186,5696,2908
5199,5708,2919
5224,5720,2927
5252,5731,2938
5269,5739,2951
5282,5749,2959
5292,5761,2968
5301,5766,2977
5318,5775,2984
5332,5783,2992
5341,5790,3002
5352,5802,3010
5364,5811,3021
5378,5821,3033
5394,5832,3046
5416,5841,3057
5428,5854,3064
5443,5859,3076
5471,5866,3087
5483,5874,3093
5499,5883,3099
5511,5893,3106
5524,5902,3117
5542,5910,3132
5557,5916,3141
5576,5927,3154
5598,5940,3174
5615,5950,3187
5644,5960,3207
5677,5966,3225
5706,5971,3246
5722,5984,3257
5746,5995,3276
5772,6012,3293
5793,6023,3310
5811,6036,3328
5837,6052,3346
5861,6063,3364
5886,6072,3371
5901,6077,3391
5922,6088,3408
5939,6095,3422
5957,6100,3434
5986,6105,3451
6008,6124,3466
6024,6136,3476
6047,6147,3484
6066,6168,3497
6082,6197,3504
6107,6204,3521
6128,6210,3530
6140,6227,3537
6229,6240,3555
6308,6258,3569
6346,6268,3584
6391,6281,3601
6423,6299,3620
6460,6308,3641
6494,6323,3659
6513,6332,3674
6531,6338,3688
6558,6342,3701
6569,6350,3706
6585,6359,3725
6707,6372,3742
6800,6382,3756
6819,6394,3770
6827,6403,3775
6834,6412,3782
6848,6422,3798
6860,6433,3804
6875,6441,3812
6894,6451,3822
6925,6462,3833
6942,6469,3841
6953,6480,3846
6959,6495,3853
6978,6507,3860
6999,6515,3873
7016,6529,3883
7036,6539,3899
7053,6554,3914
7070,6569,3927
7110,6586,3936
7128,6594,3955
7153,6603,3966
7172,6610,3981
7191,6620,3994
7263,6628,4008
7284,6635,4021
7307,6642,4035
7323,6656,4049
7343,6671,4061
7355,6681,4074
7377,6687,4090
7424,6702,4109
7441,6718,4129
7456,6724,4149
7477,6737,4168
7497,6747,4181
7516,6757,4199
7530,6764,4219
7544,6778,4233
7563,6788,4250
7586,6797,4276
7608,6806,4297
7654,6819,4320
7670,6829,4331
7696,6838,4352
7726,6851,4368
7756,6856,4389
7788,6867,4404
7805,6882,4419
7826,6895,4436
7849,6899,4449
7868,6910,4463
7883,6923,4473
7898,6936,4478
7908,6943,4489
7924,6952,4509
7937,6965,4518
7943,6972,4522
7952,6981,4527
7956,6997,4531
7957,7006,4532
7972,7011,4538
7982,7029,4548
7989,7041,4556
8024,7053,4565
8043,7060,4572
8069,7071,4579
8086,7082,4587
8090,7089,4590
8105,7102,4597
8110,7115,4598
8113,7125,4599
8126,7137,4609
8134,7152,4611
8145,7163,4618
8156,7169,4626
8173,7184,4638
8193,7191,4648
8212,7209,4664
8215,7218,4669
8215,7222,4670
8217,7233,4673
8220,7239,4680
8230,7250,4684
8237,7254,4690
8244,7266,4698
8259,7284,4707
8267,7291,4717
8278,7311,4725
8282,7315,4735
8290,7323,4741
8298,7334,4746
8301,7348,4754
8307,7355,4763
8326,7374,4771
8334,7389,4782
8349,7401,4791
8358,7410,4799
8368,7426,4808
8377,7437,4814
8387,7455,4823
8395,7466,4828
8399,7476,4837
8405,7488,4844
8410,7496,4850
8416,7509,4858
8432,7513,4874
8447,7524,4883
8463,7540,4897
8469,7549,4903
8475,7558,4912
8484,7568,4919
8494,7576,4928
8502,7589,4933
8511,7605,4939
8518,7617,4940
8529,7635,4946
8530,7642,4946
8538,7647,4948
8543,7653,4953
8559,7666,4961
8569,7680,4968
8581,7687,4975
8597,7697,4986
8619,7708,4994
8635,7718,5005
8649,7730,5012
8670,7745,5025
8686,7757,5038
8703,7766,5049
8714,7772,5057
8725,7782,5066
8801,7796,5085
8855,7815,5104
8869,7819,5119
8886,7832,5132
8899,7849,5145
8921,7868,5155
8934,7874,5161
8942,7891,5169
8948,7904,5173
8967,7912,5179
8979,7925,5189
8991,7934,5194
9018,7947,5199
9025,7958,5205
9034,7968,5213
9041,7975,5221
9050,7986,5230
9062,7997,5244
9075,8010,5255
9101,8019,5277
9127,8037,5294
9138,8048,5305
9155,8059,5326
9163,8074,5336
9179,8091,5349
9190,8096,5364
9216,8103,5381
9274,8110,5392
9296,8116,5400
9339,8138,5418
9370,8151,5432
9389,8157,5443
9398,8161,5451
9413,8175,5458
9419,8183,5462
9444,8200,5476
9454,8208,5487
9461,8224,5498
9494,8240,5508
9517,8258,5524
9535,8270,5536
9549,8277,5549
9565,8286,5568
9571,8290,5579
9579,8301,5591
9597,8308,5605
9613,8320,5612
9636,8329,5626
9655,8341,5635
9681,8351,5659
9687,8369,5663
9691,8388,5665
9699,8396,5671
9702,8403,5674
9706,8418,5676
9711,8426,5679
9715,8440,5680
9817,8459,5684
9825,8467,5688
9839,8478,5689
9842,8494,5691
9860,8506,5700
9871,8513,5705
9884,8517,5715
9891,8529,5719
9901,8541,5728
9909,8555,5730
9938,8560,5742
9945,8575,5747
9960,8587,5756
9974,8594,5763
9996,8604,5774
10015,8617,5789
10065,8631,5802
10131,8638,5818
10154,8644,5833
10168,8657,5840
10192,8675,5853
10206,8695,5861
10226,8708,5872
10243,8721,5879
10268,8733,5889
10280,8746,5901
10297,8752,5912
10321,8762,5925
10347,8782,5943
10363,8791,5949
10373,8803,5954
10382,8823,5959
10392,8831,5967
10399,8843,5975
10418,8865,5985
10427,8916,5990
10440,8948,5998
10458,8979,6013
10477,8995,6024
10520,9019,6028
10529,9043,6033
10539,9063,6040
10551,9091,6047
10560,9124,6056
10575,9156,6066
10580,9168,6074
10588,9206,6078
10593,9244,6084
10602,9261,6091
10615,9289,6096
10624,9318,6105
10627,9341,6106
10632,9388,6111
10642,9406,6123
10655,9442,6130
10665,9459,6136
10681,9503,6144
10695,9522,6154
10702,9547,6156
10710,9575,6159
10716,9584,6162
10722,9612,6165
10729,9645,6169
10740,9664,6170
10765,9695,6179
10770,9713,6182
10770,9739,6182
10773,9768,6182
10781,9787,6190
10791,9821,6200
10798,9845,6206
10808,9872,6209
10809,9896,6212
10817,9906,6217
10827,9928,6225
10831,9935,6228
10845,9949,6231
10852,9962,6235
10860,9969,6237
10867,9979,6243
10877,9991,6246
10884,10004,6253
10885,10012,6259
10894,10025,6264
10900,10037,6268
10909,10051,6270
10921,10057,6277
10927,10061,6280
10931,10078,6284
10941,10090,6285
10954,10102,6293
10959,10112,6294
10961,10130,6294
10972,10141,6296
10972,10152,6296
10972,10162,6296
10975,10176,6296
10979,10191,6297
10985,10198,6301
10992,10212,6302
10997,10225,6307
11004,10235,6308
11080,10252,6314
11087,10261,6317
11097,10280,6318
11098,10297,6320
11098,10304,6320
11104,10322,6326
11114,10335,6330
11115,10348,6331
11115,10351,6332
11122,10365,6334
11124,10376,6336
11127,10386,6336
11146,10390,6336
11154,10408,6337
11164,10421,6341
11172,10432,6341
11177,10442,6345
11190,10463,6351
11205,10475,6359
11220,10486,6365
11233,10496,6379
11241,10506,6385
11247,10520,6390
11255,10541,6393
11268,10551,6396
11273,10563,6398
11276,10575,6400
11282,10587,6401
11283,10597,6401
11286,10615,6401
11289,10630,6401
11289,10639,6401
11296,10656,6404
11302,10669,6408
11306,10675,6414
11317,10684,6422
11335,10700,6433
11345,10716,6439
11368,10727,6450
11386,10737,6464
11404,10750,6467
11426,10761,6481
11435,10778,6486
11447,10790,6494
11460,10811,6507
11475,10824,6515
11492,10838,6525
11507,10849,6535
11521,10857,6544
11537,10870,6550
11555,10896,6561
11567,10909,6568
11587,10920,6582
11598,10924,6591
11604,10932,6597
11612,10946,6607
11621,10960,6614
11631,10974,6619
11639,10987,6620
11647,11003,6624
11663,11015,6632
11676,11025,6641
11697,11037,6652
11715,11044,6659
11759,11050,6664
11781,11065,6671
11798,11075,6680
11815,11086,6686
11830,11101,6698
11849,11115,6712
11865,11130,6725
11885,11145,6735
11893,11155,6744
11914,11166,6758
11935,11179,6779
11958,11188,6797
11970,11200,6814
12001,11211,6841
12025,11223,6856
12037,11236,6861
12048,11250,6865
12073,11258,6877
12095,11274,6886
12111,11289,6894
12123,11304,6901
12144,11317,6915
12167,11333,6927
12183,11340,6939
12207,11351,6953
12221,11368,6969
12243,11379,6979
12254,11387,6993
12266,11400,7003
12277,11417,7010
12295,11432,7028
12327,11445,7046
12344,11455,7056
12359,11473,7075
12386,11494,7083
12397,11511,7094
12406,11522,7101
12422,11543,7110
12451,11554,7121
12472,11570,7126
12500,11581,7133
12513,11594,7144
12527,11607,7157
12539,11612,7168
12548,11622,7173
12559,11638,7187
12572,11657,7196
12578,11669,7199
12588,11679,7205
12600,11688,7213
12608,11704,7218
12622,11716,7228
12642,11732,7241
12654,11748,7251
12673,11765,7269
12702,11778,7286
12713,11794,7300
12737,11806,7316
12753,11824,7328
12767,11835,7337
12784,11852,7350
12790,11865,7356
12808,11876,7364
12823,11890,7373
12839,11905,7384
12865,11921,7396
12895,11937,7416
12917,11950,7432
12945,11967,7448
12986,11982,7454
13103,11997,7469
13230,12008,7483
13319,12020,7499
13465,12037,7513
13585,12049,7521
13648,12062,7542
13754,12084,7563
13867,12093,7581
13903,12113,7603
14008,12132,7622
14030,12159,7638
14048,12176,7655
14071,12193,7669
14085,12209,7676
14102,12216,7687
14129,12235,7703
14155,12254,7720
14186,12270,7742
14204,12281,7757
14241,12294,7774
14264,12308,7786
14298,12325,7799
14318,12341,7811
14327,12352,7823
14356,12368,7839
14372,12385,7860
14385,12393,7867
14404,12409,7881
14423,12431,7902
14451,12438,7930
14475,12472,7942
14504,12507,7960
14521,12571,7972
14535,12629,7981
14549,12670,7993
14570,12687,8003
14586,12707,8020
14601,12718,8034
14614,12733,8043
14639,12755,8056
14661,12769,8071
14673,12777,8083
14694,12791,8091
14706,12805,8101
14732,12816,8112
14742,12840,8116
14749,12854,8124
14775,12868,8134
14788,12887,8140
14796,12911,8148
14808,12926,8159
14823,12951,8169
14832,12965,8176
14850,12982,8184
14871,12992,8206
14888,13010,8219
14905,13027,8233
14923,13039,8252
14931,13049,8262
14950,13064,8276
14968,13083,8288
14997,13102,8304
15011,13119,8314
15033,13136,8327
15053,13147,8339
15077,13162,8351
15106,13182,8367
15130,13198,8386
15154,13212,8410
15164,13232,8415
15184,13242,8429
15192,13255,8438
15212,13272,8452
15232,13288,8471
15249,13307,8488
15272,13321,8503
15285,13333,8513
15298,13350,8529
15317,13373,8541
15344,13390,8555
15364,13421,8570
15391,13435,8580
15440,13453,8592
15472,13463,8602
15488,13473,8616
15514,13480,8627
15532,13496,8634
15556,13510,8649
15569,13525,8662
15588,13545,8675
15594,13554,8680
15610,13565,8689
15617,13581,8698
15640,13595,8714
15648,13613,8731
15665,13630,8755
15703,13645,8777
15722,13661,8794
15750,13676,8806
15768,13690,8820
15774,13702,8833
15791,13706,8838
15810,13725,8843
15822,13739,8844
15833,13760,8850
15841,13768,8859
15845,13788,8862
15865,13797,8869
15883,13819,8876
15892,13832,8882
15903,13842,8890
15911,13853,8901
15923,13859,8913
15932,13869,8924
15943,13877,8933
15955,13885,8949
15967,13897,8958
15978,13908,8969
15998,13918,8984
16005,13932,8992
16014,13942,8998
16028,13952,9003
16043,13964,9014
16066,13977,9023
16083,13989,9031
16093,14011,9036
16115,14024,9053
16133,14039,9063
16133,14055,9063
16141,14078,9063
16145,14092,9064
16150,14112,9065
16161,14121,9073
16192,14135,9084
16225,14144,9089
16229,14160,9093
16236,14172,9096
16251,14192,9099
16266,14203,9107
16270,14219,9111
16290,14235,9119
16299,14249,9133
16312,14260,9146
16326,14279,9167
16353,14300,9182
16373,14319,9193
16392,14330,9212
16422,14357,9222
16452,14375,9230
16476,14401,9245
16495,14417,9250
16507,14437,9258
16550,14449,9279
16585,14461,9294
16618,14472,9302
16636,14492,9312
16655,14508,9321
16674,14522,9329
16682,14531,9338
16735,14546,9348
16753,14558,9354
16789,14577,9373
16838,14599,9388
16866,14612,9403
16893,14633,9429
16914,14644,9444
16940,14655,9466
16975,14674,9489
17001,14690,9514
17036,14707,9545
17066,14724,9570
17087,14733,9601
17116,14746,9623
17135,14767,9639
17153,14793,9655
17170,14835,9666
17197,14856,9688
17221,14870,9705
17246,14890,9722
17281,14899,9748
17311,14907,9769
17351,14922,9793
17366,14940,9808
17382,14951,9821
17401,14968,9837
17418,14977,9846
17441,14993,9860
17448,15010,9866
17454,15021,9873
17466,15036,9881
17485,15044,9891
17498,15056,9903
17522,15072,9917
17548,15084,9933
17568,15091,9942
17587,15110,9954
17609,15122,9962
17623,15135,9969
17639,15144,9978
17650,15155,9988
17659,15164,10000
17667,15166,10011
17685,15182,10019
17694,15191,10026
17720,15206,10039
17736,15225,10055
17759,15251,10072
17795,15263,10094
17834,15274,10107
17856,15292,10122
17869,15314,10134
17889,15331,10144
17900,15346,10151
17921,15369,10163
17934,15386,10170
17951,15392,10182
17969,15413,10190
17979,15424,10197
17994,15439,10201
18006,15452,10205
18025,15466,10212
18045,15484,10216
18056,15500,10218
18064,15520,10223
18084,15532,10232
18100,15546,10240
18107,15565,10244
18116,15576,10248
18124,15591,10248
18132,15609,10254
18149,15624,10259
18162,15640,10268
18173,15653,10274
18185,15666,10282
18210,15682,10296
18217,15693,10299
18228,15703,10303
18252,15725,10306
18268,15738,10310
18297,15767,10323
18324,15783,10336
18347,15791,10345
18362,15806,10354
18379,15816,10368
18402,15833,10380
18421,15849,10388
18439,15871,10405
18463,15881,10421
18492,15898,10441
18511,15922,10452
18531,15939,10467
18550,15952,10484
18590,15975,10501
18601,15993,10510
18618,15999,10521
18639,16019,10532
18667,16043,10548
18680,16060,10558
18694,16080,10578
18712,16098,10587
18731,16114,10592
18743,16132,10604
18760,16150,10619
18766,16161,10627
18778,16173,10636
18782,16189,10641
18788,16207,10648
18801,16222,10660
18826,16238,10676
18851,16256,10689
18881,16272,10708
18900,16283,10725
18925,16295,10741
18948,16308,10752
18971,16328,10763
18983,16345,10768
18994,16365,10770
19017,16379,10781
19034,16393,10787
19045,16404,10796
19055,16423,10804
19069,16444,10811
19085,16458,10814
19099,16473,10818
19140,16492,10824
19148,16511,10828
19167,16532,10833
19181,16545,10838
19204,16559,10842
19216,16578,10847
19228,16592,10852
19231,16612,10855
19233,16631,10858
19238,16647,10864
19246,16671,10875
19257,16686,10889
19279,16710,10901
19287,16730,10912
19318,16754,10920
19330,16775,10932
19350,16788,10951
19373,16805,10964
19405,16822,10982
19419,16830,10992
19438,16851,10999
19464,16867,11014
19474,16895,11025
19489,16906,11036
19500,16930,11045
19523,16950,11061
19537,16968,11065
19551,16982,11071
19563,16996,11079
19573,17018,11092
19600,17038,11110
19610,17056,11120
19632,17078,11136
19640,17088,11147
19651,17110,11159
19668,17121,11170
19674,17136,11177
19686,17153,11184
19694,17174,11193
19711,17188,11203
19725,17201,11213
19729,17215,11220
19744,17230,11228
19753,17252,11234
19768,17263,11246
19790,17278,11253
19806,17292,11257
19812,17308,11264
19819,17323,11272
19827,17333,11276
19844,17351,11290
19867,17376,11301
19880,17391,11305
19888,17405,11312
19913,17421,11323
19926,17443,11331
19942,17451,11344
19963,17474,11370
19977,17491,11378
19981,17512,11381
20019,17525,11405
20043,17542,11423
20056,17557,11433
20075,17580,11442
20091,17600,11458
20106,17620,11467
20122,17643,11477
20146,17661,11507
20177,17675,11535
20199,17698,11556
20224,17726,11576
20239,17747,11596
20273,17764,11613
20299,17788,11631
20321,17815,11652
20341,17832,11667
20362,17847,11685
20376,17865,11694
20420,17884,11706
20435,17902,11718
20452,17918,11731
20476,17945,11748
20494,17969,11769
20522,17993,11791
20546,18008,11808
20564,18030,11821
20601,18049,11844
20714,18069,11852
20790,18088,11865
20813,18104,11888
20883,18116,11913
20905,18133,11934
20924,18148,11948
20944,18164,11961
20976,18184,11979
21020,18204,11992
21063,18217,12007
21073,18242,12024
21114,18258,12049
21145,18277,12066
21169,18292,12094
21186,18313,12104
21211,18330,12127
21238,18350,12154
21254,18373,12178
21290,18390,12199
21349,18418,12217
21398,18428,12245
21430,18448,12266
21457,18474,12287
21489,18498,12314
21510,18515,12334
21549,18536,12370
21582,18551,12399
21614,18572,12420
21634,18587,12433
21657,18612,12449
21688,18633,12477
21723,18662,12504
21744,18703,12520
21771,18734,12541
21791,18766,12556
21818,18811,12572
21830,18843,12584
21839,18867,12594
21888,18898,12611
21911,18921,12626
21942,18947,12646
21962,18978,12659
21973,19004,12663
22001,19027,12685
22021,19073,12693
22036,19109,12706
22050,19145,12719
22060,19171,12726
22077,19196,12747
22092,19228,12759
22117,19263,12781
22151,19287,12802
22182,19310,12826
22208,19339,12853
22234,19370,12886
22275,19408,12917
22295,19447,12934
22312,19473,12945
22330,19502,12965
22356,19534,12979
22392,19570,12999
22437,19616,13020
22467,19651,13040
22499,19675,13053
22517,19695,13066
22531,19720,13084
22549,19743,13105
22572,19766,13120
22579,19793,13128
22590,19832,13137
22596,19854,13145
22617,19882,13159
22625,19917,13170
22640,19951,13181
22664,19977,13199
22694,20002,13220
22713,20044,13235
22726,20065,13250
22763,20094,13278
22810,20126,13297
22843,20158,13322
22872,20182,13343
22899,20207,13357
22930,20231,13372
22943,20250,13385
22960,20279,13397
22977,20309,13411
0,0,0
24,26,14
63,69,37
78,98,49
105,121,56
125,149,67
163,187,79
200,219,89
212,261,100
234,292,113
259,321,128
281,351,146
312,378,158
328,405,162
352,441,171
372,466,183
401,490,198
416,520,206
442,541,214
457,569,223
467,596,233
473,628,239
483,650,244
503,678,256
525,702,269
542,731,286
563,762,296
593,794,312
600,819,319
783,841,334
935,870,342
954,902,351
970,938,358
981,966,368
991,987,377
1006,1014,389
1023,1048,402
1048,1076,421
1101,1106,441
1135,1139,456
1149,1172,469
1165,1200,478
1181,1231,485
1200,1268,502
1213,1293,513
1228,1320,526
1249,1352,550
1276,1385,571
1293,1411,585
1326,1451,611
1351,1476,619
1396,1508,640
1419,1534,655
1451,1571,669
1486,1602,698
1521,1645,716
1559,1692,734
1597,1724,758
1619,1755,771
1662,1785,792
1764,1817,819
1810,1855,843
1849,1897,860
1880,1932,882
1945,1976,904
1991,2016,928
2022,2057,948
2050,2094,969
2078,2123,992
2229,2145,1009
2259,2177,1026
2300,2204,1042
2329,2238,1060
2353,2276,1072
2372,2305,1081
2397,2329,1091
2413,2364,1102
2438,2389,1122
2472,2421,1136
2493,2446,1150
2512,2469,1161
2525,2499,1169
2556,2527,1184
2579,2563,1201
2605,2597,1214
2632,2624,1230
2651,2647,1241
2680,2682,1248
2694,2716,1250
2700,2748,1253
2707,2780,1259
2728,2819,1273
2745,2850,1286
2764,2878,1290
2779,2910,1300
2805,2944,1312
2819,2974,1319
2847,3013,1330
2867,3044,1339
2872,3083,1342
2877,3116,1345
2882,3145,1348
2898,3173,1350
2930,3205,1360
2939,3236,1362
2944,3268,1364
2950,3301,1369
2962,3334,1377
2980,3370,1386
2985,3402,1392
3018,3424,1404
3041,3461,1414
3055,3504,1422
3071,3532,1429
3078,3559,1433
3093,3584,1446
3109,3613,1458
3138,3651,1467
3163,3684,1472
3171,3712,1475
3173,3744,1476
3175,3779,1477
3179,3812,1479
3183,3840,1483
3189,3869,1489
3195,3895,1493
3200,3925,1496
3205,3949,1501
3217,3988,1508
3234,4018,1516
3243,4047,1522
3247,4070,1530
3258,4096,1534
3263,4129,1535
3271,4167,1540
3295,4207,1553
3313,4252,1568
3330,4289,1577
3343,4331,1584
3371,4362,1591
3391,4396,1599
3413,4434,1617
3436,4461,1635
3460,4486,1655
3477,4518,1663
3488,4550,1678
3506,4584,1691
3529,4610,1703
3555,4655,1709
3562,4689,1711
3563,4718,1712
3564,4752,1715
3567,4781,1719
3571,4813,1723
3578,4839,1725
3578,4869,1726
3582,4897,1726
3608,4952,1729
3615,4984,1736
3634,5011,1745
3646,5043,1750
3650,5078,1755
3661,5105,1761
3670,5144,1763
3670,5177,1764
3676,5205,1768
3682,5236,1772
3694,5268,1779
3716,5298,1789
3741,5329,1795
3746,5360,1798
3757,5394,1804
3780,5419,1811
3789,5456,1815
3797,5494,1823
3812,5530,1827
3826,5555,1833
3833,5588,1838
3839,5634,1845
3846,5666,1848
3849,5686,1852
3854,5712,1861
3862,5742,1879
3877,5765,1889
3884,5793,1895
3889,5824,1900
3890,5855,1906
3904,5899,1912
3914,5927,1918
3922,5957,1925
3940,5981,1935
3951,6006,1940
3962,6031,1945
3969,6055,1951
3984,6090,1959
3990,6116,1968
3995,6145,1975
4009,6177,1982
4021,6207,1991
4033,6235,2002
4049,6260,2012
4065,6295,2030
4091,6318,2046
4113,6342,2067
4146,6370,2086
4162,6397,2096
4170,6422,2103
4180,6445,2107
4185,6479,2111
4202,6516,2123
4219,6536,2139
4227,6577,2146
4248,6603,2152
4255,6633,2157
4261,6653,2163
4269,6683,2169
4272,6716,2171
4281,6733,2178
4304,6770,2190
4325,6806,2204
4344,6836,2216
4368,6868,2230
4386,6897,2240
4414,6918,2257
4434,6948,2270
4454,6972,2284
4469,7007,2294
4492,7043,2306
4509,7084,2322
4522,7117,2335
4554,7147,2347
4569,7188,2357
4591,7227,2373
4619,7265,2392
4641,7305,2403
4648,7332,2417
4669,7357,2431
4698,7388,2449
4720,7423,2469
4772,7452,2496
4785,7482,2511
4795,7512,2519
4816,7539,2526
4833,7556,2541
4857,7567,2559
4880,7593,2581
4892,7608,2592
4908,7637,2602
4976,7656,2619
5027,7671,2630
5040,7683,2638
5064,7700,2654
5087,7721,2663
5095,7737,2678
5109,7758,2691
5125,7772,2700
5146,7790,2715
5161,7808,2726
5173,7825,2743
5195,7836,2760
5218,7847,2779
5227,7874,2787
5240,7890,2802
5250,7910,2809
5255,7927,2817
5268,7960,2825
5280,7972,2836
5288,7986,2845
5295,8008,2854
5320,8023,2868
5339,8039,2874
5362,8062,2885
5378,8078,2897
5401,8094,2908
5426,8117,2915
5449,8134,2923
5472,8146,2933
5491,8160,2943
5507,8172,2952
5519,8194,2960
5530,8216,2968
5548,8236,2986
5565,8255,3000
5582,8275,3019
5607,8294,3039
5630,8322,3057
5662,8339,3079
5685,8357,3093
5697,8384,3105
5710,8403,3118
5720,8417,3130
5730,8430,3144
5749,8454,3157
5763,8470,3172
5781,8491,3186
5793,8511,3197
5812,8531,3215
5829,8551,3226
5848,8570,3239
5861,8592,3252
5878,8607,3261
5896,8626,3275
5913,8645,3291
5929,8659,3299
5938,8675,3309
5948,8694,3315
5953,8711,3324
5965,8741,3335
5982,8761,3354
5990,8781,3358
6002,8797,3366
6016,8808,3380
6042,8819,3401
6058,8832,3415
6067,8852,3422
6078,8875,3431
6084,8898,3434
6106,8915,3446
6119,8934,3455
6130,8952,3464
6143,8971,3478
6170,8984,3505
6194,8999,3524
6218,9020,3537
6230,9036,3544
6244,9051,3555
6263,9068,3573
6282,9084,3588
6300,9105,3611
6344,9116,3641
6373,9138,3666
6403,9152,3692
6422,9176,3707
6448,9196,3721
6471,9220,3738
6498,9235,3750
6510,9254,3762
6527,9268,3773
6550,9287,3793
6562,9317,3801
6573,9351,3810
6589,9369,3820
6596,9377,3823
6603,9393,3827
6604,9394,3827
6617,9406,3836
6617,9409,3838
6626,9430,3847
6630,9435,3851
6654,9451,3863
6658,9453,3864
6672,9465,3876
6678,9469,3879
6698,9486,3895
6701,9488,3899
6731,9507,3918
6734,9511,3919
6745,9528,3931
6749,9529,3939
6772,9541,3957
6788,9543,3961
6808,9563,3973
6811,9564,3974
6826,9574,3996
6827,9577,3999
6850,9595,4016
6854,9597,4016
6876,9609,4039
6884,9612,4043
6904,9622,4060
6907,9626,4062
6933,9634,4086
6938,9636,4090
6960,9650,4106
6965,9653,4108
6983,9670,4121
6988,9671,4124
7029,9691,4143
7029,9693,4149
7053,9710,4162
7054,9716,4166
7066,9733,4185
7066,9736,4186
7086,9751,4206
7093,9754,4209
7116,9773,4228
7120,9774,4231
7148,9795,4244
7153,9797,4246
7169,9816,4254
7170,9820,4258
7181,9832,4267
7183,9836,4269
7201,9864,4276
7207,9871,4277
7220,9900,4294
7226,9906,4297
7256,9927,4309
7256,9931,4311
7286,9961,4322
7286,9964,4323
7296,9996,4335
7297,9998,4335
7312,10025,4346
7316,10032,4348
7325,10059,4355
7326,10062,4358
7342,10077,4376
7348,10080,4380
7372,10107,4396
7377,10110,4397
7405,10130,4406
7408,10133,4410
7428,10146,4420
7434,10148,4422
7455,10171,4441
7457,10174,4443
7477,10195,4460
7481,10199,4463
7503,10222,4478
7509,10224,4480
7534,10257,4496
7537,10264,4498
7554,10293,4516
7559,10295,4520
7582,10325,4537
7586,10333,4540
7605,10361,4555
7608,10366,4559
7642,10394,4580
7646,10398,4586
7673,10424,4606
7676,10426,4613
7704,10453,4637
7707,10459,4640
7729,10491,4656
7731,10496,4660
7767,10519,4689
7772,10527,4693
7793,10548,4715
7796,10550,4717
7832,10575,4737
7835,10582,4739
7854,10611,4751
7857,10612,4753
7873,10624,4766
7878,10627,4770
7893,10652,4785
7893,10654,4787
7909,10682,4807
7912,10686,4811
7930,10706,4833
7937,10710,4837
7973,10731,4860
7976,10738,4862
8002,10760,4884
8011,10767,4887
8042,10794,4909
8052,10797,4914
8088,10828,4940
8097,10830,4945
8135,10863,4974
8143,10865,4977
8172,10886,4993
8180,10890,5000
8212,10915,5021
8214,10918,5024
8253,10943,5046
8302,10949,5049
8479,10975,5075
8486,10978,5080
8513,11002,5099
8515,11007,5104
8551,11032,5136
8560,11035,5141
8591,11062,5171
8598,11064,5181
8642,11084,5212
8657,11087,5217
8694,11109,5249
8699,11111,5253
8745,11133,5288
8754,11135,5292
8799,11174,5327
8804,11178,5331
8825,11207,5365
8836,11213,5370
8867,11236,5402
8871,11240,5408
8897,11257,5434
8900,11259,5439
8933,11281,5463
8953,11281,5466
8981,11302,5489
8982,11305,5493
9011,11326,5525
9016,11330,5531
9045,11352,5559
9051,11359,5566
9087,11390,5597
9091,11392,5600
9121,11416,5624
9125,11417,5631
9167,11444,5655
9176,11447,5662
9232,11477,5690
9237,11483,5697
9263,11508,5719
9265,11511,5723
9291,11536,5744
9293,11543,5747
9320,11572,5775
9324,11581,5775
9349,11602,5794
9356,11606,5797
9364,11636,5807
9368,11641,5809
9377,11656,5821
9379,11662,5823
9397,11679,5836
9400,11682,5839
9427,11709,5857
9431,11713,5860
9450,11736,5877
9455,11741,5879
9468,11771,5898
9471,11775,5901
9490,11802,5911
9490,11805,5913
9511,11839,5931
9513,11843,5931
9530,11865,5940
9537,11867,5941
9551,11888,5947
9553,11894,5949
9568,11923,5958
9572,11928,5961
9585,11957,5970
9587,11960,5970
9594,11982,5979
9596,11986,5981
9625,12012,5994
9630,12018,5995
9636,12042,6001
9638,12046,6002
9648,12072,6007
9653,12080,6012
9679,12105,6028
9681,12109,6030
9705,12128,6051
9709,12134,6054
9731,12165,6072
9736,12169,6078
9755,12200,6096
9759,12204,6098
9782,12229,6118
9787,12233,6121
9810,12257,6133
9813,12261,6136
9848,12289,6159
9852,12295,6159
9864,12319,6168
9878,12325,6171
9892,12349,6182
9893,12355,6184
9942,12379,6196
9945,12387,6199
9967,12411,6203
9969,12415,6204
9985,12444,6218
9985,12446,6218
10005,12468,6232
10008,12473,6233
10029,12505,6245
10031,12509,6247
10040,12532,6260
10042,12539,6265
10054,12564,6276
10056,12568,6281
10076,12598,6299
10079,12603,6302
10104,12625,6317
10107,12633,6320
10129,12656,6338
10134,12658,6338
10148,12688,6350
10151,12693,6356
10178,12722,6376
10183,12729,6380
10192,12759,6386
10192,12763,6386
10205,12795,6400
10211,12801,6406
10242,12833,6423
10246,12836,6425
10281,12862,6440
10285,12867,6442
10312,12893,6456
10315,12898,6458
10338,12927,6476
10344,12933,6478
10369,12963,6503
10373,12969,6506
10407,12993,6529
10415,12996,6534
10462,13022,6557
10470,13027,6562
10504,13057,6583
10510,13060,6587
10558,13083,6623
10571,13089,6630
10608,13109,6654
10615,13118,6658
10646,13152,6675
10650,13157,6678
10684,13181,6704
10690,13183,6708
10722,13199,6727
10724,13201,6729
10760,13211,6753
10771,13213,6757
10816,13226,6783
10817,13228,6786
10846,13246,6804
10849,13248,6805
10870,13259,6822
10878,13261,6825
10901,13274,6839
10904,13274,6840
10930,13293,6853
10930,13295,6854
10949,13310,6871
10951,13312,6872
10979,13323,6885
10987,13323,6888
11009,13342,6911
11017,13344,6913
11033,13357,6926
11035,13359,6928
11056,13376,6946
11058,13382,6949
11079,13399,6964
11081,13402,6966
11096,13434,6981
11100,13442,6985
11118,13481,6996
11120,13487,6997
11145,13510,7005
11146,13520,7006
11160,13558,7015
11162,13563,7017
11182,13589,7038
11189,13598,7042
11217,13631,7059
11218,13636,7064
11244,13663,7081
11251,13670,7088
11278,13706,7103
11279,13712,7107
11291,13737,7124
11293,13745,7125
11323,13771,7139
11323,13774,7139
11333,13799,7146
11334,13805,7146
11353,13832,7153
11354,13833,7154
11367,13859,7162
11367,13862,7162
11378,13893,7166
11382,13896,7168
11390,13925,7171
11391,13935,7172
11409,13965,7182
11413,13970,7184
11418,14002,7187
11419,14010,7190
11444,14031,7197
11447,14035,7197
11461,14070,7204
11462,14075,7204
11473,14101,7213
11473,14107,7214
11484,14131,7217
11484,14137,7217
11490,14160,7222
11491,14164,7222
11493,14192,7225
11493,14197,7226
11508,14217,7231
11508,14219,7231
11517,14250,7238
11522,14260,7239
11532,14287,7247
11539,14293,7248
11549,14326,7262
11553,14331,7266
11568,14365,7278
11571,14369,7278
11589,14400,7290
11590,14406,7292
11608,14433,7302
11614,14437,7305
11619,14461,7312
11620,14467,7312
11628,14490,7318
11629,14492,7319
11644,14518,7329
11651,14525,7331
11678,14547,7346
11681,14552,7348
11712,14584,7367
11718,14591,7369
11738,14620,7386
11744,14625,7388
11772,14647,7402
11775,14655,7404
11785,14685,7415
11788,14690,7416
11807,14721,7436
11810,14726,7437
11828,14751,7453
11831,14755,7455
11850,14771,7473
11854,14775,7474
11875,14799,7484
11876,14800,7484
11894,14828,7489
11895,14831,7489
11913,14860,7494
11915,14862,7494
11925,14880,7504
11926,14886,7505
11935,14901,7511
11943,14906,7512
11961,14935,7524
11966,14940,7529
11991,14963,7546
11998,14965,7549
12028,14989,7562
12033,14994,7563
12074,15020,7578
12079,15025,7581
12109,15048,7596
12111,15051,7599
12145,15086,7615
12146,15090,7618
12175,15116,7632
12179,15120,7634
12197,15158,7640
12199,15160,7641
12221,15183,7647
12224,15187,7650
12236,15212,7658
12241,15216,7660
12263,15247,7670
12276,15253,7670
12304,15280,7681
12306,15285,7681
12322,15310,7692
12323,15314,7694
12343,15330,7705
12346,15333,7705
12372,15365,7712
12374,15371,7713
12389,15392,7717
12390,15396,7718
12406,15420,7721
12407,15423,7721
12417,15451,7729
12420,15456,7729
12434,15491,7730
12437,15498,7732
12449,15530,7734
12450,15534,7734
12458,15559,7737
12463,15565,7738
12482,15585,7742
12483,15590,7743
12494,15614,7748
12496,15617,7749
12515,15640,7755
12517,15645,7756
12527,15677,7758
12527,15679,7758
12540,15709,7759
12542,15711,7760
12557,15739,7762
12559,15747,7763
12579,15768,7768
12584,15773,7770
12584,15773,7770
12612,15799,7781
12619,15804,7783
12619,15804,7783
12655,15839,7794
12659,15843,7794
12659,15843,7794
12678,15873,7802
12680,15880,7803
12680,15880,7803
12705,15908,7814
12708,15914,7816
12708,15914,7816
12740,15934,7828
12744,15940,7832
12744,15940,7832
12775,15959,7840
12779,15963,7842
12779,15963,7842
12807,15983,7852
12815,15988,7857
12815,15988,7857
12830,16015,7864
12834,16018,7865
12834,16018,7865
12840,16038,7871
12842,16043,7872
12842,16043,7872
12845,16069,7875
12845,16074,7875
12845,16074,7875
12851,16094,7878
12852,16100,7878
12852,16100,7878
12856,16127,7879
12856,16131,7880
12856,16131,7880
12865,16165,7884
12917,16170,7885
12917,16170,7885
13045,16192,7888
13047,16192,7888
13047,16192,7888
13092,16224,7904
13096,16233,7907
13096,16233,7907
13119,16254,7918
13123,16259,7919
13123,16259,7919
13127,16261,7920
13251,16288,7934
13254,16296,7934
13254,16296,7934
13257,16301,7936
13327,16325,7942
13418,16329,7944
13418,16329,7944
13422,16332,7946
13445,16355,7957
13451,16366,7960
13451,16366,7960
13455,16369,7962
13480,16391,7979
13488,16394,7979
13488,16394,7979
13489,16398,7981
13507,16422,7990
13507,16426,7993
13507,16426,7993
13509,16427,7993
13526,16447,8000
13530,16453,8001
13530,16453,8001
13531,16455,8001
13539,16473,8009
13540,16481,8010
13540,16481,8010
13540,16484,8010
13562,16508,8028
13566,16511,8032
13566,16511,8032
13570,16516,8034
13583,16537,8052
13587,16543,8056
13587,16543,8056
13587,16545,8057
13607,16565,8071
13609,16569,8072
13609,16569,8072
13614,16571,8076
13633,16596,8093
13637,16600,8096
13637,16600,8096
13639,16607,8098
13645,16622,8102
13645,16630,8104
13645,16630,8104
13646,16634,8105
13662,16658,8114
13664,16662,8118
13664,16662,8118
13666,16665,8118
13700,16691,8131
13704,16696,8133
13704,16696,8133
13708,16701,8134
13731,16720,8154
13734,16722,8160
13734,16722,8160
13739,16725,8160
13753,16749,8172
13756,16756,8174
13756,16756,8174
13756,16758,8175
13790,16781,8186
13799,16787,8186
13799,16787,8186
13804,16789,8187
13821,16807,8198
13824,16809,8199
13824,16809,8199
13825,16811,8200
13844,16831,8213
13844,16840,8213
13844,16840,8213
13848,16844,8216
13869,16866,8225
13871,16870,8227
13871,16870,8227
13873,16873,8228
13877,16899,8237
13877,16907,8240
13877,16907,8240
13882,16912,8242
13900,16930,8253
13903,16936,8256
13903,16936,8256
13903,16938,8256
13919,16958,8272
13924,16963,8279
13924,16963,8279
13925,16965,8281
13942,16983,8297
13946,16986,8300
13946,16986,8300
13952,16989,8306
13974,17011,8323
13978,17015,8325
13978,17015,8325
13979,17017,8326
14001,17034,8345
14004,17040,8347
14004,17040,8347
14009,17042,8349
14016,17061,8357
14020,17065,8361
14020,17065,8361
14021,17067,8363
14041,17089,8373
14043,17093,8375
14043,17093,8375
14046,17098,8375
14062,17121,8385
14063,17128,8387
14063,17128,8387
14064,17130,8390
14094,17158,8403
14100,17165,8406
14100,17165,8406
14102,17168,8407
14120,17194,8427
14122,17204,8430
14122,17204,8430
14124,17209,8431
14137,17238,8441
14141,17241,8442
14141,17241,8442
14142,17246,8443
14157,17273,8453
14160,17276,8456
14160,17276,8456
14163,17279,8459
14182,17304,8469
14186,17310,8472
14186,17310,8472
14188,17312,8474
14206,17338,8488
14212,17345,8490
14212,17345,8490
14213,17345,8490
14227,17368,8501
14229,17376,8504
14229,17376,8504
14230,17378,8505
14249,17401,8522
14253,17405,8524
14253,17405,8524
14253,17407,8525
14270,17431,8536
14273,17435,8538
14273,17435,8538
14275,17440,8540
14286,17464,8549
14287,17468,8552
14287,17468,8552
14290,17471,8553
14300,17499,8559
14300,17505,8562
14300,17505,8562
14302,17507,8563
14318,17532,8571
14323,17537,8576
14323,17537,8576
14325,17539,8579
14348,17561,8589
14348,17565,8592
14348,17565,8592
14350,17567,8594
14359,17591,8604
14363,17595,8608
14363,17595,8608
14364,17597,8610
14375,17625,8621
14379,17628,8625
14379,17628,8625
14379,17629,8625
14402,17656,8646
14406,17664,8648
14406,17664,8648
14407,17667,8648
14434,17688,8662
14439,17693,8667
14439,17693,8667
14440,17697,8668
14455,17723,8678
14461,17729,8679
14461,17729,8679
14463,17732,8682
14494,17756,8698
14501,17764,8698
14501,17764,8698
14501,17766,8698
14513,17789,8701
14523,17794,8702
14523,17794,8702
14526,17798,8702
14554,17819,8713
14561,17825,8720
14561,17825,8720
14566,17826,8721
14595,17852,8737
14600,17855,8738
14600,17855,8738
14603,17856,8740
14624,17872,8748
14638,17889,8756
14638,17889,8756
14643,17890,8758
14666,17910,8769
14687,17923,8774
14687,17923,8774
14689,17926,8775
14716,17950,8790
14719,17955,8792
14719,17955,8792
14719,17956,8794
14734,17974,8806
14737,17978,8807
14737,17978,8807
14737,17980,8809
14741,18006,8814
14742,18015,8815
14742,18015,8815
14745,18018,8816
14762,18045,8830
14767,18048,8832
14767,18048,8832
14769,18049,8833
14786,18073,8849
14791,18078,8854
14791,18079,8854
14795,18085,8855
14809,18110,8862
14812,18114,8865
14812,18114,8865
14812,18117,8865
14822,18137,8876
14824,18140,8876
14824,18140,8876
14826,18142,8877
14835,18167,8889
14841,18170,8893
14841,18170,8893
14842,18174,8894
14860,18200,8908
14869,18208,8911
14869,18208,8911
14871,18209,8914
14887,18236,8924
14887,18241,8926
14887,18241,8926
14889,18243,8926
14898,18270,8936
14899,18275,8937
14899,18275,8938
14901,18280,8941
14918,18306,8955
14921,18311,8957
14921,18311,8957
14921,18315,8957
14944,18337,8974
14946,18342,8976
14946,18342,8976
14949,18346,8978
14958,18373,8989
14961,18378,8992
14961,18378,8992
14963,18380,8996
14985,18409,9007
14986,18418,9008
14986,18418,9008
14988,18421,9008
15006,18442,9027
15012,18448,9030
15012,18448,9030
15020,18454,9034
15036,18475,9044
15037,18480,9047
15037,18480,9047
15037,18489,9048
15054,18517,9058
15058,18523,9060
15058,18523,9060
15059,18524,9060
15073,18529,9072
15074,18534,9074
15074,18534,9074
15077,18535,9075
15095,18549,9089
15098,18555,9093
15098,18555,9093
15099,18556,9095
15121,18572,9113
15122,18574,9115
15122,18574,9115
15125,18574,9115
15138,18582,9139
15140,18584,9143
15140,18584,9143
15142,18585,9143
15153,18595,9160
15158,18597,9163
15158,18597,9163
15161,18599,9163
15177,18609,9179
15179,18613,9183
15179,18613,9183
15181,18613,9190
15211,18629,9206
15211,18632,9208
15211,18632,9208
15213,18633,9210
15224,18647,9219
15227,18650,9221
15227,18650,9221
15228,18651,9221
15235,18664,9232
15236,18664,9235
15236,18664,9235
15237,18668,9236
15247,18684,9247
15248,18686,9248
15248,18686,9248
15251,18689,9248
15263,18700,9262
15263,18700,9264
15263,18700,9264
15268,18700,9265
15281,18717,9279
15286,18719,9280
15286,18719,9280
15287,18720,9283
15301,18733,9295
15303,18735,9297
15303,18735,9297
15304,18737,9297
15314,18751,9308
15317,18752,9311
15317,18752,9311
15320,18753,9312
15330,18762,9323
15333,18763,9326
15333,18763,9326
15334,18764,9327
15341,18781,9334
15342,18782,9335
15342,18782,9335
15344,18782,9336
15352,18792,9342
15353,18793,9345
15353,18793,9345
15353,18796,9346
15359,18807,9350
15359,18809,9350
15359,18809,9350
15359,18810,9350
15363,18818,9353
15364,18818,9354
15364,18818,9354
15366,18818,9354
15382,18828,9364
15382,18833,9364
15382,18833,9364
15382,18834,9365
15391,18843,9373
15391,18843,9373
15391,18843,9373
15394,18845,9375
15412,18859,9380
15414,18863,9382
15414,18863,9382
15415,18863,9382
15421,18874,9387
15422,18876,9389
15422,18876,9389
15422,18876,9389
15437,18886,9395
15437,18888,9396
15437,18888,9396
15441,18891,9397
15447,18899,9400
15447,18901,9401
15447,18901,9401
15447,18904,9401
15461,18912,9406
15466,18913,9408
15466,18913,9408
15466,18915,9408
0,0,0
23,10,20
58,21,42
